{
  "repository_path": "workspace\\swiggy_backend",
  "total_files": 14,
  "file_statistics": {
    "java": 9,
    "sql": 2,
    "config": 3,
    "other": 0
  },
  "files": [
    {
      "path": "pom.xml",
      "name": "pom.xml",
      "type": "config",
      "extension": ".xml",
      "size": 3681,
      "checksum": "80c37b2d9dd955ce7f6d7357ea5a6d28",
      "last_modified": "2025-08-29T11:42:58.677845"
    },
    {
      "path": "src\\main\\java\\com\\swiggy\\FoodDeliveryApplication.java",
      "name": "FoodDeliveryApplication.java",
      "type": "java",
      "extension": ".java",
      "size": 1053,
      "checksum": "8198a6e6e5676cff275e9e00fe74f953",
      "last_modified": "2025-08-29T11:43:34.264209"
    },
    {
      "path": "src\\main\\java\\com\\swiggy\\controller\\UserController.java",
      "name": "UserController.java",
      "type": "java",
      "extension": ".java",
      "size": 9836,
      "checksum": "cfc43766fc089aa2ba60c067c571a4c8",
      "last_modified": "2025-08-29T11:47:55.979493"
    },
    {
      "path": "src\\main\\java\\com\\swiggy\\entity\\Address.java",
      "name": "Address.java",
      "type": "java",
      "extension": ".java",
      "size": 7053,
      "checksum": "a4079ca32adbbb0029209db42651aaf0",
      "last_modified": "2025-08-29T11:45:34.169867"
    },
    {
      "path": "src\\main\\java\\com\\swiggy\\entity\\Order.java",
      "name": "Order.java",
      "type": "java",
      "extension": ".java",
      "size": 9692,
      "checksum": "7b816cf9b1579c76d299601a64590252",
      "last_modified": "2025-08-29T11:46:09.938692"
    },
    {
      "path": "src\\main\\java\\com\\swiggy\\entity\\Restaurant.java",
      "name": "Restaurant.java",
      "type": "java",
      "extension": ".java",
      "size": 9109,
      "checksum": "14af2cb9a20e075f5e1c53a5c101c911",
      "last_modified": "2025-08-29T11:45:04.820616"
    },
    {
      "path": "src\\main\\java\\com\\swiggy\\entity\\User.java",
      "name": "User.java",
      "type": "java",
      "extension": ".java",
      "size": 5521,
      "checksum": "6be6d9971f4bc71a0fa0dc2be892d75f",
      "last_modified": "2025-08-29T11:43:58.612195"
    },
    {
      "path": "src\\main\\java\\com\\swiggy\\events\\UserCreatedEvent.java",
      "name": "UserCreatedEvent.java",
      "type": "java",
      "extension": ".java",
      "size": 2686,
      "checksum": "44d409cee4314bced7106b55a6ca8df8",
      "last_modified": "2025-08-29T11:48:13.170918"
    },
    {
      "path": "src\\main\\java\\com\\swiggy\\repository\\UserRepository.java",
      "name": "UserRepository.java",
      "type": "java",
      "extension": ".java",
      "size": 5636,
      "checksum": "b97455577dceb34cd3baa2cde8f21dcc",
      "last_modified": "2025-08-29T11:47:14.541352"
    },
    {
      "path": "src\\main\\java\\com\\swiggy\\service\\UserService.java",
      "name": "UserService.java",
      "type": "java",
      "extension": ".java",
      "size": 11079,
      "checksum": "f8935541effb7316eecb6016e82d464d",
      "last_modified": "2025-08-29T11:46:48.174120"
    },
    {
      "path": "src\\main\\resources\\application-dev.properties",
      "name": "application-dev.properties",
      "type": "config",
      "extension": ".properties",
      "size": 1925,
      "checksum": "13fd567fdcca1398367366f537c31075",
      "last_modified": "2025-08-29T11:49:39.715008"
    },
    {
      "path": "src\\main\\resources\\application.yml",
      "name": "application.yml",
      "type": "config",
      "extension": ".yml",
      "size": 3542,
      "checksum": "bf784c70ee57f8615bfd27e7f75f1fde",
      "last_modified": "2025-08-29T11:43:22.785086"
    },
    {
      "path": "src\\main\\resources\\db\\migration\\V1__Create_Users_Table.sql",
      "name": "V1__Create_Users_Table.sql",
      "type": "sql",
      "extension": ".sql",
      "size": 1799,
      "checksum": "67b1b13be1abb6c1fbbb660b3babc74a",
      "last_modified": "2025-08-29T11:48:29.344722"
    },
    {
      "path": "src\\main\\resources\\db\\migration\\V2__Create_Restaurants_And_Orders.sql",
      "name": "V2__Create_Restaurants_And_Orders.sql",
      "type": "sql",
      "extension": ".sql",
      "size": 7771,
      "checksum": "c90929997158d0b4cef722f4767f428d",
      "last_modified": "2025-08-29T11:49:02.254627"
    }
  ],
  "collection_timestamp": "2025-09-18T11:55:32.694166"
}